5,2022.03.12,쿠팡(주),"굿굿 ♡ ♥  내돈내산 솔직담백 리뷰 입니다 !  ♥ 항상 제품을 구매하기전 후기를 읽고 구매하는 습관으로   후기가 소비자 입장에서 아주 좋은 구매의사를 만들어주니   도움이 되고자 정성스러운 후기를 작성하도록 노력하고 있습니다!  ♥ 주관적인 의견이 다소 포함되더라도 너그럽게 이해해주시면 감사하겠습니다.   ******************* **** *** ** *   난 오늘도 역시나 학구열이  불타올랐다. 오늘은 Hdmi와dp 포트에대해서 공부를하였다. 순간 나는 느꼈다. 굳이 왜 나누는걸까. 공부를 하면 할수록 나는 몹시 흥분하였다. Dp이녀석 ""물건""이다.. 성능차이는 잘 체감이 안가지만 나는 오늘도 인생공부를 했다. 우물안의 개구리가 되지말자고...  좀더 넓은 시야를 가지고 항상 궁금해하면서 인생을 살자고.. dp이녀석에게 난 오늘도 한방 먹었다... 고맙다 ""친구""    ******************* **** *** ** *  ♥ 후기 읽어주셔서 감사합니다 혹시 제 후기가 도움이 되었다면   밑에 도움이 돼요 클릭해주시면 감사하겠습니다 ~!    언제나 좋은 일들만 가득한 하루 보내시길 바라겠습니다 !",12
5,2022.03.09,쿠팡(주),"QHD 240hz 완벽지원하는 제품이에요 저는 전자제품에 관심이 많아 모니터도 이리저리 많이도 바꾸고 설치환경에 변화도 잦은데, DP케이블과 HDMI케이블 제돈주고 산것만 못해도 50만원에서 200은 쓴거같아요 과장아니라 제 일도 이쪽이랑 관련이 있었어서 그렇다보니 케이블의 버전에 맞은 최대주사율과 해상도가 나뉨에 QHD환경에 240hz모니터에서도 완벽하게 대역폭을 소화해내는걸 확인할 수 있었습니다  1.4케이블 길이별로 다 써보고 그래도 마감상태부터 소재까지 제일 마음에 듭니다 DP케이블은 보통 커넥트부분에 스위치가 있는 경우가 많은데 플라스틱으로 된 제품들은 유독 갑작스러운 충격? 꺾임이 있게되면 부러지거나 깨져버려서 안에 피복이 노출되게 되는데 얘는 그렇진 않을꺼같아보입니다  케이블 선도 막무가네로 두껍다고 좋은게 아니라 어느정도 휠때 꺾이는 각도가 제법있어야 모니터나 대형 스크린에서 벽면에 밀착하기 편합니다 그래서 요 제품 비싸다고만 생각하지말고 구매 고려해봐도 좋을꺼같아보입니다",7
5,2021.09.06,쿠팡(주),그래픽은 그닥 선명하지는 않지만 나름 몰입감이 굳... 첨엔 긴가민가 하고 추천만 보고 샀는데  화질은 그다지 좋은거 같지는 않고 근데  확실한건  반응속도가 죽이네요  배그에 들어가서 실험삼아 해봤는데   정말이지 반응 속도는 죽이네요  딴건 몰라도  반응속도 하나는 죽이네요  괜히 그냥 오디세이 5가 아니였네요,5
5,2022.07.31,쿠팡(주),상품평보고 구매해봤는데 선도 두껍고 굉장히 오래써도 괜찮을거 같아요 ㅋㅋㅋ,0
5,2021.06.13,쿠팡(주),"튼튼해요. 지나치게 튼튼해요. 현재 쿠팡 추천 표시 돼있는 모 케이블을 구입했다가 손대는 족족 케이블이 박살나고 조금씩 분해돼가는 통에 딱 3일만에 환불 접수하고 이 제품을 새로 주문했습니다.  그냥 딱 봐도 엄청 튼튼합니다. 포장부터 예사롭지 않습니다. 플러그가 튼튼한 건 둘째 치고 선이 엄청 두텁고 단단합니다. 이걸로 자전거 묶어놔도 못 훔쳐갈 것 같습니다. 어쨌거나 움직이긴 하니까요, 튼튼해서 나쁠 건 없겠구나 싶습니다.   케이블 가격 치곤 좀 비쌉니다. 근데 실제로 보면 가격이 납득이 됩니다. 자재값이 다른 케이블 보단 많이 들었을 것 같아요. 케이블에 이만큼 지불할 가치가 있는진 모르겠습니다. 근데 불량허접 케이블에 한 번 데이고 나니까 조금 더 주고라도 확실한 걸 사게 되네요. hdmi, usb, aux 등 이전에도 벤션 케이블을 구입해 봤는데 항상 구매경험이 만족스러웠던 것 같습니다.",7
5,2021.02.27,쿠팡(주),"구매 추천드립니다. 진심 만족합니다. 김계란의 머리가 정말 잘 보입니다.  강원전자 DP1.4 케이블을 사용하고 있었는데 모니터암에 1M 길이의 케이블을 사용하다보니 너무 아쉬워서  이왕 살꺼 좋은거 사자는 심보에 이리저리 정보수집하고 괜찮은 제품인 벤션제품 1.4를 구매하게 되었습니다.  케이블에 유명한 제품은  대략 유그린, 강원전자, 벤션, 베이스어스 정도가 있는데 이 벤션 제품은 고장률이 거의 없고 향후 4K, 8K 제품을 사용하실 예정이시라면 과감히 지르셔도 괜찮은 제품입니다.  또한, FHD, QHD 사용하시는 분들에게도 당연히 좋은 제품입니다.  144, 165, 200, 240 주사율 모니터에게 힘이 되는 케이블 입니다.  적극 추천합니다.",18
4,2021.08.20,쿠팡(주),"괜찮음 솔직히 케이블이 잘되면 그만이고 안되면 문제있는건데, 케이블때문에 고생을 많이 했어서 만원짜리 케이블 놔두고 삼만원짜리 케이블을 구입했습니다. 며칠째 사용중인데 지금까지 에러 한번났구요, 그 때 왜 화면깨졌는지 모르겠는데 그 이후로는 잘 사용하고 있습니다. 만원짜리 케이블은 사용안해봐서 비교를 못해서 아쉽네요. 보통 못만든 케이블은 몇달도 못버티니까 두고볼 예정입니다. 정말 좋은점은 이 케이블에 워런티가 있다는 점입니다. 한국 총판은 없는 것 같아서 실제로는 as못받을것 같지만요. 워런티 기간이 제법 길었던것 같은데 이 정도면 케이블은 고장 잘 안날 것으로 기대하고 있습니다.",5
5,2021.07.15,쿠팡(주),지금 구매하세요~ 디테일이 살아있어요! 안심할수 있는 굵고 큰 디자인 지금 구매하세요~ 144지원됨 제품 문제없음,3
5,2022.05.29,쿠팡(주),선이 튼튼해서 사용감 좋네요 :) 선 정리를 바주 자주해서 케이블타이로 묶어서 정리하는 경우가 많아 선 회손이 가끔일어나는데요 이 제품은 튼튼해서 좋아요 ~ >_<,0
5,2022.05.18,쿠팡(주),포장 상테하며 제품 받아서 열자마자 헉 소리나네요...너무 고급지고 게이밍 모니터 도착하면 바로 끼워 봐야죠~ 일단 외관부터 100점 드립니다...,0
4,2022.05.29,쿠팡(주),너무 단단한 줄 줄이 너무 단단해서 정리가 힘드네요  ㅜㅜ 알맞는 길이로 구매하실것을 권합니다,0
5,2021.10.30,쿠팡(주),"좋아요 모니터에 동봉 되어있던 DP케이블 쓰다가 이 제품을 쓰니 그래픽카드 로드율도 좀 줄고, 프레임도 조금 더 안정적이고 지연시간도 많이 짧아 졌습니다. 로드율이 줄었다고 프레임 드랍을 의미하는 건 아닙니다. 그래픽 카드가 무리를 많이 안한다는 의미입니다. 그래픽 카드가 1.4지원이고 모니터도 1.2 이상 지원입니다. 동봉 되어있던 케이블은 1.2라서 그런 것 같습니다.",0
5,2022.05.18,쿠팡(주),게이블 굵기도 좋고 품질이 아주좋네요...케이블 여러개 사봤지만 제품품질로 최고인듯합니다...,0
5,2022.04.18,쿠팡(주),가격은 좀 있지만 이제품보다 더 저렴한 제품은 기분탓인지 몰라도 살짝 느린거 같더라구요. 그래서 이제품으로 선택하길 잘했다는 생각이 들구요. 현재까지 잘 사용하고 있어요.,2
5,2022.02.06,쿠팡(주),너무 튼튼해도 문제 1m를 살 걸 그랬어요 엄청 기네요 제품은 워런티도 있고 품질 최고에요  품질이 너무 끝내줘서 문제에요 탄성력이 너무 좋아서  잘 안 휘어져서 설치하는데 생 난리를 쳤네요ㅋㅋㅋㅋㅋ  고품질 디피1.4 찾으시는 분들은 고민말고 이거 사세요. 잘 안 휘어지니 길이 잘 알아보시구요 ㅎㅎ,0
5,2022.01.12,쿠팡(주),최대 180 주사율을 지원하는 LG 모니터에 연결하여 사용하고 있습니다. 문제없이 정상 작동합니다. 선이 조금 굵은 편이긴 하지만 튼튼해보이고 그만큼 문제점도 없을 것이라 예상하고 있습니다. 오래 쓸 수 있는 케이블이라고 생각합니다.,0
5,2020.10.19,쿠팡(주),"좋아요 dp 1.4 살거면 이거 사세요~ 기존 밴션 1.4 이전 버전 사용하다가 단선 이후 저렴한 DP들 구매해 쓰면서 깜빡임, 인식불량 등으로 속썩이다가 간만에 벤션 제품으로 다시 구매했는데 역시나 값어치 합니다. 문제 없고 인식 잘 되고, 디자인도 고급지고  심지어 패키징부터 ""나 고급져요~"" 하고 느껴지게 멋지게 포장되어있습니다. 추천합니다.",1
5,2020.11.02,쿠팡(주),"싸구려 케이블보다 믿을만한 제품인것 같습니다. 포장마감, 제품마감 등 굉장히 고급져요. 선도 패브릭으로 코팅되어있어서 내구성도 굉장히 좋습니다.  다만 3m에 달하는 길이 때문에 PC로 사용시 약간의 손실이 발생하는 것 같습니다.  UFO테스트시 HZ변화가 살짝 살짝 나타납니다.  싸구려 케이블보다 믿을만한 제품인것 같습니다.",1
5,2021.07.03,쿠팡(주),품질이 좋습니다. 품질이 좋습니다. 선 두께도 두껍고 화질과 음질도 저가형에 비해서 좋습니다. 단지 DP 특성인지는 모르겠지만 대기 상태에서 화면이 켜질때 한번 깜빢이고 꺼졌다 켜집니다. 기존에 사용하고 있었던 HDMP 케이블로 바꾸어서 사용을 해보아야 겠습니다.,0
5,2021.12.09,쿠팡(주),"고품질 dp 케이블 고품질 dp케이블을 찾는다면 이게 정답!  현재 아이맥과 에이조 모니터 연결을 위해 번들케이블이 아닌 벤션 케이블을 구입했는데, 번들보다 우수한 퀄리티와 안정적인 데이터 전송은 정말 맘에 드네요.",2
5,2021.10.31,쿠팡(주),강력추천 기존 dp1.2 케이블 사용중 모니터 화면 상단부분에 간헐적으로 가로줄 깜빡임이 생겨서  dp케이블 20번 핀이 전압문제로 이런 문제를 일으킨다는 얘기가 있어서 20번핀이 더미핀인 본 제품을 장착하고 5시간 정도 살펴본 결과  아직까진 깜빡임은 없네요 일단 만족합니다,0
5,2022.03.12,쿠팡(주),사용 3개월 후기 구매 직후 모니터에 연결하고 한번도 빼본적 없네요 그럼에도 전혀 문제없이 잘쓰고 있습니다 ^^ 연결선도 두껍고 유연하니 내구성도 좋아요,0
5,2021.05.31,쿠팡(주),비싸긴 하지만 좋은 케이블 좀 비싼감이 있긴 해도 케이블이 견고하고 특히 포트에서 뺄 때 이건 빽빽하지가 않네요 VESA DP 1.4 규격에 맞다고 해서 샀어요   그리고 케이블보다 중요한 걸 이번에 알았는데 RTX 20 번대 미만 GPU 쓰시는 분들은 DP 펌웨어 깔아야 돼요 그래야 1.4 가 제대로 적용됨...,5
5,2022.01.19,쿠팡(주),튼튼!!! 큐센모니터 사용하는데 기존 Hdmi쓰다 DP선으로 바꾸니 한결 더 나아진느낌나네요.. 꼽는것도 쉽고 선이 다른선보다 튼튼해서 좋은거같아요!!,0
5,2020.11.09,쿠팡(주),듀얼 모니터를 사용중이라 여러 검색을 통하여 20핀 더미용이 화질 및 사용에 좋다고 해서 구입을 했습니다.  빠른 배송에 포장이 가격대비 꼼꼼하게 고급스럽게 되어 있네요.  사이즈도 1M및 1.5M가 아니라 좀 여유있는 2 M라서 본체와 모니터의 거리가 다소 있어도 연결이 용이하여 좋습니다.,1
4,2021.02.03,쿠팡(주),"연결부, 선 다 고급스럽고 좋기는 합니다.  1)결국 케이블인데 이 정도 가격대까지 구매하는게 맞나...  2)그래도 한 번 사면 몇년 쓸텐데 처음에 좋은거 사길 잘 했나..  두 가지 생각 모두 듭니다.  \18,000원 (1.5미터 기준)이었으면 딱 좋았겠다 싶었어요.",1
5,2022.03.23,쿠팡(주),선이 많이 두껍고 그럼 선정리하는데 고생했지만 성능은 좋음,0
5,2021.11.10,쿠팡(주),모니터 살때 동봉된 케이블이 모션 데스크에서 쓰기엔 너무 짧아서 구매했는데 현재까지 아무 문제없이 하자없이 잘 사용 중입니다. 한달 가까이? 사용중이구요.,1
5,2020.11.21,쿠팡(주),"가격 망설이지 마시고 ㄱㄱ Dp 케이블을 좀 저렴한거 썼더니 모니터가 깜빡거려서 주문해 봤습니다. 랜켸이블도 벤션 제품 쓰는대, Dp케이블도 훌륭하네요.",0
2,2021.10.09,쿠팡(주),오디세이9 모니터에는 비추임 데이터 속도는 빠름 하지만 오디세이9에는 별루임  2개 테스트  결과 또 같음 화면에 잔상이 자주 발생함  대충 원인이 모르겠지만 오디세이9 모니터에 뒤쪽  케이블 케이스 열이 전도됨,1
4,2020.12.18,쿠팡(주),모니터 성능의 완성은 케이블입니다 제 모니터가  10bit  120 hz를 지원 하는지 몰랐습니다 근데 이케이블사고서  알았습니다  고급 gpu와 모니터  쓰시는분들  꼭 케이블도 같이 바꾸세오,2
5,2021.02.04,쿠팡(주),그냥 사세요. 비싼덴 이유가 있습니다 퀄리티 대단합니다 버전 바뀌기 전까진 바꿀일 없을거같아요. 다만 선이 튼튼한만큼 두꺼워서 모니터 후면부 공간이 좁으신 분들은 미리 체크하시는게 좋을듯,0
1,2021.12.05,쿠팡(주),새로산 모니터에 쓰려고 구매했는데 끼고나서 분해되서 빼 새로산 모니터에 쓰려고 구매했는데 끼고나서 분해되서 빼지도 끼지도 못하고있습니다 새상품 하나 보내주실수있나요? 사진첨부합니다,0
5,2020.11.05,쿠팡(주),굳굳 제품굳 고급스러운느낌에 좋아요 딱봐도 좀 고급스러운느낌이 납니다. 다만 한번 끼면 빼기가 좀 힘들어요.  뽑으려다가 고장나는지알고 조심스러웠네요 ㅜㅜ  그거말고는 완전좋음,0
4,2021.10.25,쿠팡(주),견고한 선재라서 신뢰성은 높다고 생각됩니다. 화질적인 부분에서의 이점은 크게 차이는 없고 기능적인것을 고려해서 선택하면 될듯합니다.,0
5,2021.06.01,쿠팡(주),모니터 본품에 같이 받은선이 짧아서 따로 구매했어요 이 회사에 제품이 좋다고 해서 구매함  하루정정도 썼는데 이상없구요 선이 튼튼해보이구 깔끔한 포장  만족합니다,0
4,2021.11.30,쿠팡(주),이거 주사율 달라요 4k 144 아님니다 120입니다. 확인하세요,9
4,2020.11.12,쿠팡(주),2미터짜리는 모니터암이랑 같이쓰기엔 좀 짧았는데 3미터짜리는 길이가 딱 맞네요. 선이 굵직한게 생긴게 듬직하긴 한데 덕분에 선이 너무 억세서 선정리는 좀 불편하네요,0
1,2022.03.18,쿠팡(주),"제가 구입한 케이블은 불량인가요,아님 앞서 구매한 분들과는 다른 제품인가요? 3시간 정도 지나니 모니터화면에 라인이 생겨서 확인해보니 모니터케이블쪽이 뜨겁네요. 기존에 쓰던걸로 교체하니 이런 현상이 안생겨요. 반품을 하고싶지만 사용도했고 포장지를 다 버려서.. 처음 써봅니다 이런식의 리뷰.",1
5,2021.07.17,쿠팡(주),강추 1m 짧아서 2m 재구매 했습니다~ 이번에도 문제없이 작동 잘됩니다~,0
5,2021.07.15,쿠팡(주),DP TO DP 1.2버전 사용중이었으나 1.4버전 사용해보고 싶어 구매했습니다. 사용전이지만 깔끔하게 배송왔네요,0
5,2021.09.25,쿠팡(주),무겁고 견고하고 단단합니다. 안정감 있어서 좋아요 무겁고 견고하고 단단합니다. 안정감 있어서 좋아요,0
5,2020.11.16,쿠팡(주),이거쓰세요 케이블 단단하고 적당히 길어서 맘에 쏙 드네요. 삼성 g7 오딧세이에 사용중인데 순정보다 좋아요,3
2,2022.02.03,쿠팡(주),20핀 더미 맞나요? 게임하다가 너무 끊겨요.. 거의 5분에 한번씩은 끊기는 느낌입니다. 이전 싸구려 케이블쓸때는 끊기는일이 없었는데 돈 값을 못하네요.,0
5,2020.10.15,쿠팡(주),정말 튼튼한 케이블 선 짱짱하고 엄청 튼튼해요. 길이는 생각보다 짧으니 최소 1.5m는 쓰시는 걸 추천합니다.,1
5,2021.03.02,쿠팡(주),케이블선이 철로 코팅되어있는거같네요... 엄청 단단해서 좋네요. 우리집 썬코가 못물어뜯게...,1
5,2021.08.04,베라킷 주식회사(BERAKIT Inc.),모니터암과 함께 쓰면 선정리 가이드에 쓸려서 움직일때 소리남 참고하세요,0
5,2021.02.16,쿠팡(주),비싸지만 비싼값합ㄴㅣ다. 일단 마감이 저가형이랑 다릅니다.. 괜히 비싼게 아닙니다,0
5,2021.02.10,쿠팡(주),기존 쓰던거에서 바꿨는데 뭔가 더 견고한거같아서 좋아여,0
1,2021.01.14,쿠팡(주),사용중에 갑자기 인식이 안되더니 그뒤로 작동을 안함,4
5,2021.10.04,쿠팡(주),잘쓰고있습니다 조금 헐거운건지 모르겠지만..,0
5,2020.11.11,쿠팡(주),만족 만족사용중,1
1,2020.10.20,쿠팡(주),사지마삼 쓰레기,0
5,2021.12.14,쿠팡(주),선이 꺽이지않고 좋습니다 추천드립니다 두께감있는 제품입니다 !,0
4,2020.08.20,쿠팡(주),패키징이 이렇게 좋은 케이블은 처음이에요,1
5,2021.10.04,쿠팡(주),잘쓰고있습니다 조금 헐거운건지 모르겠지만..,0
5,2020.11.11,쿠팡(주),만족 만족사용중,1
1,2020.10.20,쿠팡(주),사지마삼 쓰레기,0
5,2021.12.14,쿠팡(주),선이 꺽이지않고 좋습니다 추천드립니다 두께감있는 제품입니다 !,0
4,2020.08.20,쿠팡(주),패키징이 이렇게 좋은 케이블은 처음이에요,1
5,2022.02.13,쿠팡(주),매우 마음에 듭니다.  견고하고 튼튼합니다. ,0
5,2022.06.16,쿠팡(주),좋아요,0
5,2021.05.06,쿠팡(주),모거좋은지 잘 모르겠으나 튼튼하긴 하네요 ,0
5,2021.04.23,쿠팡(주),명품케이블 완전 좋네요 ㅎㅎ,0
5,2020.10.25,쿠팡(주),만듦새가 좋네요.,0
2,2022.06.23,쿠팡(주),제껀 왜 20핀이 있죠? 더미라 해서 샀는데 제가 20핀 제거 했네요 그것빼곤 줄도 괜찮아요,1
5,2020.12.26,쿠팡(주),품질이 좋네요 선이 두껍고 고급스럽네요,0
5,2022.01.21,쿠팡(주),튼튼하고 좋은거같아요 ㅎ ,0
5,2020.08.19,쿠팡(주),좋습니다,0
1,2020.11.07,쿠팡(주),개인적으로 별로에여,0
5,2020.12.20,쿠팡(주),빨라유,0
5,2020.11.20,쿠팡(주),품질 확실 ,0
5,2021.05.25,쿠팡(주),튼튼하고 좋아요,0
3,2021.06.03,쿠팡(주),버튼 쉽게 부서짐,0
5,2021.02.15,쿠팡(주),품질 최고!!!!,0
5,2021.07.02,쿠팡(주),튼튼해보임 ,0
5,2022.02.06,쿠팡(주),선이 매우 튼실하고 잘 작동합니다! ,0
5,2021.01.23,쿠팡(주),잘쓰고 있습니다 ,0
5,2021.04.18,쿠팡(주),비싼값 합니다 진짜 어마어마하게 좋네요 ^^,0
5,2021.05.13,쿠팡(주),비싼만큼 확실히 성능 좋네요 ㅎㅎ,0
5,2022.01.13,쿠팡(주),짱짱하게 잘 연결되고 선이 굵어서 안심돼요,0
5,2022.01.27,쿠팡(주),커버가 짱짱해서 뜯길 것 같지 않아서 좋습니다.,0
5,2022.03.31,쿠팡(주),까는곳 폭이 좀 넖음. 그거빼고 만족 ,0
5,2022.03.23,쿠팡(주),확실히 길고 튼튼합니다 송출도 문제 없네요! ,0
5,2020.11.22,쿠팡(주),럭셔리를 찾는다면 선택 럭셔리하고 좋아요,0
5,2020.12.17,쿠팡(주),이건좋음 ㅋ,0
5,2022.03.15,쿠팡(주),완전좋아용~프레임 더 잘나오는거같아요,0
5,2021.04.22,베라킷 주식회사(BERAKIT Inc.),좋네요 짱짱하고 도금도 깔끔하고 ,0
5,2022.01.05,쿠팡(주),비싼 편이지만 안정성이 뛰어나고 제품의 신뢰도가 높다 ,0
5,2021.10.03,쿠팡(주),비싼값만큼 튼튼하고 잘 휘지 않아요 ,0
4,2021.02.13,쿠팡(주),Made in China ,0
5,2020.12.17,쿠팡(주),줄이 조금 짧은 듯 하나 튼튼하고 좋습니다.,1
3,2021.02.15,쿠팡(주),그냥 그저 그래요,0
5,2022.05.10,쿠팡(주),맛있네요 ,0
5,2022.04.25,쿠팡(주),잘왔어요 좋아요 ^^ 좋아요 굳굳,0
5,2022.04.27,쿠팡(주),믿고쓰는 벤션 케이블 좋습니다 ,0
5,2021.09.04,쿠팡(주),튼튼함 강력함 좋음 ,0
5,2021.04.27,쿠팡(주),선 두꺼운게 믿음직 하게 생김 ㅋ,1
5,2021.09.09,쿠팡(주),빠른배송 좋습니다. 케이블은 사실 대역폭만맞고 20핀더미면 아무문제 없지만 이제품을 선택한건 무엇보다 디자인인을 보고 선택했네요 마음에 듭니다,0
5,2022.02.26,쿠팡(주),교환 엄청빨라요 모니터에 연결하니 깜박거려 교환신청했는데 다음날 물건 바로도착 새로 받은 물건 엄청 잘되네요 빠른서비 굿 감사합니다,0
1,2021.09.04,쿠팡(주),박스 다 버리고 박스 다 버리고  설치 하니 커넥터 부분 많이 헐겁고 바로 빠지고 선 인식 못 하고  돈 버렸습니다  운이 안 좋은지 모르나 제한테는 쓰레기 제품이네요,1
5,2021.08.05,쿠팡(주),dp포트 필요하신분이라면 강추 배송이정해진시간보다는 1시간정도늦어졌지만 빠르게왔고 제품도튼튼하고 너무만족합니다!!,0
5,2020.08.29,쿠팡(주),불량이 하나 왔었지만 빠른교환. 기본 모니터 케이블 전송속도 약2기가 이건 약7기가 미쳤냐고~,0
4,2021.02.21,쿠팡(주),한쪽의 연결해제 버튼이 덜렁겁니다 교환후 도 똑같아서 쓸려고합니딘,0
5,2020.12.23,쿠팡(주),잘받았습니다.,0
5,2020.12.16,쿠팡(주),배송  빠르고 좋습니다. ,0
5,2022.03.08,쿠팡(주),잘 받았습니다 빠른 배송 감사합니다 ,0
5,2022.03.11,쿠팡(주),"제품 만족 ,배송은 노",0
5,2022.03.16,쿠팡(주),"품질,배송두 좋아요",0
5,2021.08.22,쿠팡(주),좋은 제품 빠른 배송 감사합니다. ,0
5,2020.12.16,쿠팡(주),배송  빠르고 좋습니다. ,0
5,2022.03.08,쿠팡(주),잘 받았습니다 빠른 배송 감사합니다 ,0
5,2022.03.11,쿠팡(주),"제품 만족 ,배송은 노",0
5,2022.03.16,쿠팡(주),"품질,배송두 좋아요",0
5,2021.08.22,쿠팡(주),좋은 제품 빠른 배송 감사합니다. ,0
5,2021.04.02,베라킷 주식회사(BERAKIT Inc.),좋아요~빨르 택배 감샤~,0
5,2021.02.12,쿠팡(주),품질 좋네요 ,0
5,2020.10.25,쿠팡(주),빠른배송 감사합니다,1
5,2021.10.15,쿠팡(주),너무조아요 사랑해요너무조아요 사랑해요너무조아요 사랑해요 너무조아요 사랑해요너무조아요 사랑해요너무조아요 사랑해요너무조아요 사랑해요너무조아요 사랑해요너무조아요 사랑해요너무조아요 사랑해요너무조아요 사랑해요너무조아요 사랑해요너무조아요 사랑해요너무조아요 사랑해요너무조아요 사랑해요너무조아요 사랑해요너무조아요 사랑해요너무조아요 사랑해요너무조아요 사랑해요,0
5,2021.11.22,쿠팡(주),두께 : 합격 배송 : 로켓배송 합격 가격 : 합격,0
5,2021.05.17,쿠팡(주),캐논 정품보다 좋습니다^^ 캐논 LBP6033W 모델 사용 중인데 프린터 구매 당시에 있던 토너보다 인쇄품질이 좋아서 놀랬습니다. 가격도 캐논 정품대비 엄청 저렴한데 인쇄품질은 오히려 더 좋은 것 같네요. 앞으로 무조건 지앤지 토너로 구매할 예정 입니다.,0
4,2021.08.31,쿠팡(주),6월에 2개 주문해 벌써 다 쓰고 이번엔 3개를 주문해 봄 얼마나 사용할지는.... 흠...토너양이 살짝 아쉽지만 가격이 저렴하니 또 주문해야지..,1
5,2021.02.20,쿠팡(주),캐논 CRG-325 캐논 LBP6030 프린터 사용 가능합니다!,0
5,2020.12.20,쿠팡(주),캐논 LBP6003 프린터와 호환 잘 되네요 캐논 LBP6003 프린터와 호환 잘 되네요,1
5,2020.11.25,쿠팡(주),급했는데 주말에 빨리 오고... ^^ 정말 잘 썼어요. 호환기종!,0
5,2021.03.02,쿠팡(주),급하게 필요해서 주문했는데 빠른배송 넘 좋아요^^,0
4,2020.07.19,쿠팡(주),^^ 쿠팡에서 산 다른모니터가 1년도 안되서 이상증세생겨서 수리보낼생각으로  같은 사이즈인데 할인쿠폰까지되길래 주문했습니다. 일단 이전모니터는 어느각에서 봐도 화면이 선명한데 이모니터는 무언가 사이드각에서 볼때 끝부분화면이 흐려진다고 해야하나 그런 현상을 보았습니다.  상세페이지에 연결하는  것이 hdmi선으로 사진이 있지만 제일하단 스펙과 구성품에 rgb선이라고 써있어서 어느게 올지몰랐는데 제껀  hdmi로 왔습니다. 스피커기능은 먼저쓰던거보단 음질이 좋네요 후면에 베사홀은 없었습니다.  모니터암쓰는분들에겐 불편할수있을것같네요 그리고 조립은 아주 간편하게 하단받침대와 모니터에 원래연결된 스텐드기둥을 맞추고 처음 꺼내시면 기둥하단에 나사못으로 받침대와 고정시키시면됩니다. 십자도라이버만 있으면 나사푸르고 받침대와 기둥을 맞춘후 받침대하단속에 나사못을 맞추어 넣고 다시 도라이버로 돌리시면됩니다. 모니터  각조절은 상하는 되는것은 확인했습니다.  근데이상하네요 저한테온거 불량인가요? 화면 사이드가 뿌옇습니다. 각을 크게돌린게아님에도 정면으로 보는데도 오른쪽사이드가 마치 안에 굴곡이 있는듯 왜곡과 뿌연현상이 보입니다. 그래서 오른쪽으로 가면 왼쪽사이드가 그렇게보여요 영상을 자주보기도하고 그림도그리는데 불편함이 느껴지네요?   +교환신청해서 모니터가 새로왔어요 .. 교환받은게 확실히 덜 하긴 하네요 근데 ㅜㅜ이모니터 특성인가봐요.. 마치 직접적으로 보이는창과 그사이에 아크릴같은판이 ? 껴있는 느낌... 은근 거슬려요 이런 모니터는 처음이네요...  근데 처음에 받은건 저것보다 심하게 모서리가 흐려졌는데 이건 무시할순있을것같아요.. 쿠팡이라 교환도 바로 다음날오고 좋네요... 여자사진으로된 근접샷은 교환된 모니터입니다..  참고하세요..,69
4,2020.09.01,쿠팡(주),배송도 빠르고 화질과 스피커 성능도 우수 ~!! 모니터 작동 잘하고 아직 잘 살펴보지는 못했지만 아무런 하자가 없는듯 합니다 ~^^ 뒤에있는 내장형 스피커도 잘 작동되고 화질도 좋아서 완전 대 만족 입니다 ~!! 그래서 기분이 아주 좋네요 ㅎㅎ 그런데 같이 구매한 컴퓨터가 무뽑기 당하고 와서 기분이 급 다운 되었습니다 ㅠㅠ 하ㅠ 진짜루 일단 사진 올려놓았습니다 ~! 차후에 사진과 후기 업데이트 하겠습니다 ~!! 이 글 다 읽으셨다면 도움이 돼요 한번 눌러주세요~!,33
5,2022.08.13,쿠팡(주),가성비 최고 입니다. 디자인이나 마감 처리때문에 중소업체 제품 안사는데 이번에 처음으로 사봤어요. 디자인도 훌륭하고 마감처리도 깔끔하네요. LCD 판넬야 한국이나 중국의 대기업 제품이니 불량 화소만 없으면 큰 문제 안됩니다. 이 가격으로 이정도면 대 만족 입니다.,0
5,2020.07.10,한솔시스템,♥️디자인 너무 예쁘고 성능도 좋아요♥️ 쌈박하고 깔끔한 디자인에 사용하기도 좋아요.  더 사용해봐야 알겠지만 현재로선 만족해요,6
5,2019.12.28,한솔시스템,굿 퇴근 해서 오니 울 딸래미 벌써 조립?해서 게임 돌리고 있더군요.ㅋ 그만큼 가단하단 얘기겠죠?  일단 독서실 책상안에 딱입니다. 책상이 공부용이 아니라 쌓아놓기용이어서 과감히 컴터 책상으로 바꿨습니다. 몰입이 더~~~잘 된답니다.  진짜 얇아요. 그래서 더 스마트하게 보임. 가격 생각하면 이럴 수 있나 싶어요.  무엇보다 스피커 일체형이라 좋아요. 책상이 깔끔해요.   보는데는 일단 눈이 편한것 같.습니다 기술적 이점은 상세페이지 참조하세요.  스피커 음질 동영상에 담았어요. 생각도 안했는데 완전 괜츈.^^,16
4,2020.10.15,쿠팡(주),노트북으로 작업하려니 눈도 침침해지는거 같아서 구매 했어요!!  항상 듀얼모니터 쓰던 터라 ㅠㅠ 많이 불편하기도 해서 삿는데 정말 저렴하게 잘산거 같아여♡♡♡   처음 왓을때 너무 파랑파랑해서 눈아팟는데 블루스크린 설정이 잇더라구요??아예 파란빛을 포기하고 쓰고 있긴 한데 ㅠㅠ  꼭 파란색을 써야 할땐 노트북으로 잠시 옮겼다가 쓰고 잇어요!  그래도 이정도면 정말 저렴하게 잘샀어요!! 감사합니다!!  벌점 하나 뺀건...각도에 따라 조금......음...조금?.....흐려보여요 !!,18
4,2020.07.11,쿠팡(주),"가성비 매우 좋습니다. 저렴하게 잘 구입했습니다. 구입 직후 제가 느낀점 간략하게나마 써보겠습니다.   장점 : 저렴한 가격. 무난한 성능 (가성비 굿)          무결점          설치의 간편함.          -> 그냥 꺼내서 지지대 나사 하나 끼우고 전원선, HDMI선 연결하면 끝입니다. 소리도 그냥 나와요.  단점  :  살짝 흐릿? 뿌연 시야감            -> 노트북에 연결해서 사용하였는데 같은 FHD IPS이지만 노트북이 훨씬 선명합니다. 그렇다고 눈에 막 거슬리는 수준은 아니지만 두개를 비교해서 보면 확연한 차이를 알 수 있는 차이입니다.              째지는 음질             -> 내장스피커 품질은 그닥 좋지못합니다. 소리가 째진다고 해야하죠. 전 집에있는 스피커 연결해서 사용합니다. 소리는 크지만 음질은 기대하지마세요. 이어폰 안가리고 막 듣는 막귀인 제가 들어도 소리가 째지네요.  결론 : 가격을 생각하면 매우 좋은 제품입니다. 이 가격대에 이만한 성능의 제품을 찾기는 어려울 것 같습니다. 물론화면이 선명한 대기업 제품(lg, samsung 등등...) 과 비교하면 떨어지는 성능인건 부정못합니다. 하지만 가격이 50~70%인걸 생각해야합니다. 전 이정도 성능과 가격에 충분히 만족합니다.",25
5,2020.07.03,쿠팡(주),"무조건사라! 품질 정말 좋습니다~~가성비가성비하는데, 꼭 가격대비 품질이라기보다도, 그냥 품질자체가 좋네요~중소기업제품이라고해서 망설였던게 후회될정도ㅋ",11
3,2020.06.13,쿠팡(주),굿 좋다 다만 소리가 참... 고음에 지지지지지직 찢어진다 결국 스피커 별도로 삿다,10
3,2022.08.06,쿠팡(주),실화인가요 이틀 사용했는데 이거 앞판 떨어져서 화면 빛이 새어나오는데   좀 어이가 없네요. 싼 맛에 쓰긴 씁니다 ;;,0
5,2022.07.24,쿠팡(주),화질도 이정도면 괜찮고 화면 크기도  적당하니 좋아요~~,0
5,2022.07.07,쿠팡(주),이쁜 모니터 베젤도 엄청얇고 솔직히 그냥 단순히 이쁘고 화면 잘 보이는 24인치 보조모니터가 필요하면 이거 추천합니다,0
3,2020.08.07,쿠팡(주),싼게비지떡이라는말이  딱 어울려요 불량도많아요 (왼쪽 한솔모니터. 오른쪽 기존 제모니터입니다 ) 화면이 너무너무 노랗고 뿌애요.. 서브모니터로 샀지만 본  144모니터랑 너무 차이남.. 노래서 눈도 아프고  더더욱 시야각도 안좋음.. 듀얼모니터 쓰시는분은 진짜 비추.. 시약각 진짜 진짜 안좋아요 조금만 모니터돌려도  잘안보임 ㅠㅠ  품질은 빵점인데 가격이 싸서 별3개 드려요..  싼게비지떡 ㅜㅠ  그리고! 구석에 플라스틱같은 샐로판지? 같은게 껴잇는데 안빠짐.. 에휴... 일단 나머지 불량 있는지 계속 써봐야 겠네용..ㅠ,7
5,2020.04.15,쿠팡(주),가성비 최고!! 저렴한 가격에 상품평도 좋아서 한번 사봤는데 역시나 너무 좋네요 결점 테스트 해보니깐 이상없이 깨끗하고 화질 좋아요! 요즘 코로나 때문에 방콕하느라 핸드폰 연결해서 넷플 유튭 크게 보려고 구매했는데 아주 만족합니다 스피커도 내장되어 있어서 편리하네요 약간 음질은 좀 떨어지는거 같았지만 계속 듣다보니 적응돼서 좋아요 이 가격에 화질 디자인 너무 다 마음에 들고 대만족입니다,2
5,2020.04.11,쿠팡(주),첫 주문하고 받은 제품에서 켜자마자 구동불량 (S-L/D) 발생해서 반품처리하고 다른 모델 알아봤는데... 구동불량 제외하고는 얼룩이나 결점등 다른 문제점이 없었고 디자인도 마음에 들어서 재 구매했습니다. 솔직히 10만원 짜리 모니터 큰 기대 안했는데 너무 좋아서 놀랬습니다. 재 구매하고 받은 모니터 바로 검수해 보니 큰 결함없는 걸로 봐서는 기본적인 패널 품질은 좋아 보입니다. IPS 패널이라 시야에서 봐도 잘보이고요. 스피커 많이 말씀하시는데 저는 막귀라 그런지 쓸만하네요. 저렴한 가격대 모니터 찾으시는 분은 이 제품 고려해보세요.,4
5,2020.04.15,쿠팡(주),사무실 보조모니터로 아주 좋습니다 가격대비 아주 좋습니다 사무실 보조모니터 크기도 적당하고 베젤이 없어서 브랜드제품 못지 않게 나이스 합니다,2
5,2019.09.22,쿠팡(주),결점테스트 했는데 결점은 없었고 음악작업용 듀얼모니터로 쓰려고 샀는데 화질도 괜찮아요! 그 결점테스트했을때 그라데이션 나오는거 있죠? 1-10까지 되있고 점점 색이 진해지는거요! 그게 8-10 번이 연두색과 그외 한 2가지 색이 다 똑같이 보이는걸로 보아하니 이 모니터로 사진작업이나 영상작업하시는분은 못쓸것 같아요! 저희 형이 영상이랑 사진하는데 못쓰겠대요.. 근데 저는 대만족이거든요. 저같은 사람은 이거 보는데 전혀 지장이 없어  저는 색맹도 아니고 그런데 그냥 서브모니터로 쓰게에는 사이즈도 다 좋아요!,9
5,2019.12.24,한솔시스템,싼게 비지떡일까봐 불안했는데 받아보니 대만족이에요.  사운드에 민감하지 않으면 스피커 붙어있는 모니터가 진짜 편해요. 스피커 따로 라인/전원 연결하고 자리 차지하고 그런거 없어서 좋아요.  대기업 제품은 모니터에  스피커 달려있으면 많이 비싸고 24인치는 FHD급 화질도 잘 없는 것 같아요.  모니터 2대 쓰려고 같은 날 대 ㅇㅜㅆㅓ머스에서도 비슷한 모니터 주문했는데 그건 포장도 허술하고 액정 깨져서 와서 환불 신청했고요.  이건 포장도 잘 되어 있고 문제없어요.  시력이 좋지 않아서 배드픽셀이 있는지는 잘 모르겠어요.,4
5,2020.09.27,쿠팡(주),"어제 시키고 방금 받아서 바로 설치해봤습니다  원래는 중고모니터 5, 6만원대 보다가 LG 모니터 그냥 16만원짜리 살까  계속 알아보다가 저는 용도가 그냥 집에서 공부하거나 일상용으로만 간단히 쓸거여서 가성비 위주로 알아보다가 사게 되었습니다  근데 솔직히 너무 맘에 드네요  화면도 넓직해서 나중에 축구나 영화 볼때도 너무 좋을거같아요  맘에듭니다 .! 감사합니다",6
5,2020.06.07,쿠팡(주),"약간의 무게감은 있지만, 울트라 베젤...아니 제로 베젤 디자인은 괜찮다. 매우 훌륭하다",5
5,2019.12.29,한솔시스템,지금도 폰으로 연결해서 덱스 모드로 사용 중입니다  현직 물리치료사인데 거북목의 요인 중 하나가 작은 화면입니다  테블릿도 폰도 휴대성이 좋은 만큼 사이즈가 작다보니 목이 앞으로 빠지기에 사무용으로 구입했습니다.  와이프가 모니터 사지 말라고 구박했었는데 디자인보더니 합격! 깔끔한 베젤에 모던한 느낌이 마음에 든다군요  화질도 깔끔하고 스피커도 있어서 좋습니다 (아~ 그런데 덱스 모드에서는 스피커가 안나옵니다 참고 하시길)  이 가격에 이정도 상품이라면 재구매 의사가 충분히 있습니다^^,7
5,2020.12.04,쿠팡(주),매우 만족합니다. 결론: 가격대비 정말 괜찮은 것 같아요. 이 정도면 진짜 좋은데요?  모니터는 그저 비쌀거라고 생각했거든요. 얼마전에 10년전 구매한 LED모니터에 픽셀 눈물을 흘리게 만들어놔서 다시 살까 고민 중이었는데 재택근무로 전환되는 경우가 많아지면서 픽셀눈물 흘리는 건 도저히 안 되겠어서 급하게 찾았는데... 가격도 부담되지 않고 받아보니 설치도 쉽고 화면 화질도 괜찮아요.   방금 설치한거라 더 써봐야겠지만 모니터가 모니터하겠죠!,5
1,2020.11.16,쿠팡(주),물건 받고 드라이버로 고정한 다음 사용하자마자  나사가 뿌러져서 모니터가 앞쪽으로 쏠려서 깜짝 놀랐네요;  상품은 계속 사용했던터라 나사 여유분으로 2~3개 정도 보내주실 수 있는지요 안에서 뿌러져서 어떻게 빼야 할지는 모르겠지만 잘 빼서 나사 다시 해야할꺼같아요   고정 안되는 상태로는 사용하기 힘드네요 혹시 몰라 사진 찍은 날짜 보이도록 사진 첨부 합니다 물품 수령한 당일날 찍은거니 확인 하시고 답변주세요 감사합니다,2
5,2021.03.16,쿠팡(주),전반적으로 만촉합니다 밝고 이쁘고 약간 눈이 부신것은 기존 모니터가 어두워서인건지 그리고 모너터 설정은 역시나 어러운듯  슬림하고 군더더기 없는 디자인은 참좋네요 화면이 커지고 밝아진것은 좋은데 아직 어색하네요  높낯이 조절기능 없는것은 제 욕심이겠지요 대신 틸트기능이 좋아서인지 약간 아쉽기는 하네요  전반적으로 가성비는 짱이고요 소리부문은 아직 확인전이지만 큰 기대는 아직입니다 ㅎ,2
5,2021.03.17,쿠팡(주),싸고 빠르고 쉽다 노트북에 연결해서 쓰려고 구매 했어요. 사실 하드웨어 컴맹이라 연결하는방법 어려우면 어쩌나 했는데 눈과 손과 뇌만 있으면 연결 가능 합니다. 그냥 선만 꼽으면 되더군요 ㅋㅋㅋ 노트북이라 hdmi 케이블로 찾았는데 요즘은 다 이건가봐요.  예전에 막 모니터 뚱뚱하던 시절 끼우고 돌리고 했던 기억이. 일단 가격 넘나 착하고 로켓배송 칭찬합니다. 혹시 쓰다 문제 생기면 후기 덧붙일께용.,3
5,2020.10.21,쿠팡(주),추가구매했습니다 지난주 1대 샀다가 너무 마음에들어 하나 더 사서 듀얼로 방금 설치했습니다. 그런데 나사 조이다가 너무 세게조여서 저 나사가 부러졌는데ㅠ 유상구매라도 좋으니 구할 방법이 있을까요?,3
5,2020.04.07,한솔시스템,가성비 굿 무결점 모니터 처음 써보는데 평에 가성비 좋다는 얘기가 많기도 하지만 결점이 한두개씩 보인다는 얘기보고 걱정반 기대반으로 구매했는데  거의 한달째 사용중인데 아무 문제없이 너무너무 잘 쓰고 잇습니다  골동품같던 엘사 모니터만 보다가 저가이긴 하지만 무결점모니터를 보니 너무 화질도 좋고 여러모로 좋네요 ㅎㅎ  앞으로도 잘 쓰겟습니다 좋은상품 고맙습니다~ 많이 파세요 ㅎㅎ,2
5,2020.03.03,쿠팡(주),"일단 외관상 합격. 일주일 정도 사용해보고 돌아올게여 일단 크기는 매우 크고 너무 좋아여!!!  -1주일 사용후기- 1주일 정도 사용해 보았는데요, 저는 매우 만족하고 있습니다 화면도 크고 다친데도 없이 왔구요! 막눈이라 그런지 그냥 색감도 괜찮고 저는 맘에 들어요!! 가성비로 추천드리며 돈이 많으신 경우에는 당연히 삼성 엘지 제품 사시는거 추천할게요~~",1
5,2020.12.31,쿠팡(주),굿 가곅대비 만족합니다 박스에 테입이 일반테입이라 뭐지 싶었는데 내용물은 문제없는걸로 보이네요  가격대보고 구매한거라 화면 깨끗하게 잘나오니 충분하다고 느껴집니다.,2
5,2020.03.03,쿠팡(주),갓성비 찾으신다면 갓갓제품 베젤리스 엄청 이쁘네요! 갓성비 가격 인정합니다ㅜ 맥북 듀얼로 쓰려고 삿는데 색감이 다르긴한데 많이 신경쓰일 정도는 아니네요! 되게 선명한 느낌. 근데 텍스트 화질은 조금 깨지네용 그래도 화면이 커서 아주 큼직큼직 볼만함  결론: 갓성비 제품입니다 디자인 짱이뻐요,2
5,2021.06.04,쿠팡(주),깔끔해요 갑자기 모니터가 나가서 급하게 알아보는데...다행히 새벽배송되는 제품이 있었어요.... 역시 쿠팡입니다... 쿠팡없없음 어쩔뻔 ㅜㅠ 모니터 슬림하고 깔끔해요...다리랑 화면만 조립하면되고 들어있는 선들만 연결하면 쉽게 사용할수있네요,1
5,2020.09.03,쿠팡(주),가성비 짱 10만원 정도에 이정도면 괜찮다고 생각됩니다. 망가진 픽셀은 없고 설치가 간단합니다. 내장스피커 음질이 좋지는 않지만 아무것도 없을 때 그냥저냥 들을만 합니다. 각도 조절은 안되지만 큰 불편은 없습니다. 가성비 굉장히 좋습니다.,1
5,2021.03.30,쿠팡(주),1200짜리 책상에 정말 딱입니다 중소기업 제품은 처음 써보는데화질도 좋고 너무 만족스럽네요  이사간집에 데스크탑을 구매하면서 요즘 재택근무때문에 듀얼모니터로 쓰려고 구매했는데 저렴한가격에 잘산거 같네요,1
5,2020.09.05,쿠팡(주),생각보다 좋은 모니터 저렴해서 솔직히 기대 안했습니다. 상품평을 찾아보니 빛샘등 문제가 있는 상품인거 확인하고 구매했습니다. 그런데 물건을 받아보니 매우 만족입니다. 양질의 상품이 왔으며 마감 품질 또한 좋습니다. 이가격에 좋은 모니터를 구매한거 같아 매우 기쁩니다,2
4,2020.12.15,쿠팡(주),보내주신 상품 안전 하게 잘받았습니다.  사용을 해보니 화면이 깨끗 하고 기스 없이 잘보이네요.  이정도 가격에 화질도 이정도면 괜찬은 제품 인것갇네요.  화면도 이정도면 크고 눈도 시원 합니다.  잘사용 하겠습니다. 감사합니다.,1
5,2020.03.08,한솔시스템,좋아염 잘 쓰고 있습니다 색감도 좋고 튼튼하고  책상에 끈으로 묶어놓은 건 같은 자리에 올려뒀던 저번 모니터를 제가 책상에 부딪히는 바람에 넘어뜨려서 혹시나해서 그런거고 안 튼튼한건 아니예요 추천합니당,3
4,2022.01.16,쿠팡(주),듀얼용으로 구입 기존에 사용하던 모니터가 접촉 불량이라 주문하게 됐어요. 깔끔하고 좋아요. 근데 왼쪽 상단에 점 하나가 생기네요. 크게 문제될 위치는 아니라 그냥 씁니다.,0
3,2020.03.19,한솔시스템,화질은최악 디자인 가격은 최고 디자인이랑 가격은 정말 맘에드는데 화질은 정말 싼값하네요...ㅎ 영상같은거 많이 보시는분은 절대사시면 안돼구 사무용으로쓰실분만사세요. 화질빼고는 매우만족입니다.,4
5,2020.07.25,한솔시스템,상품평을 잘안쓰는데 가격대비 만족합니다  일단 가격에 비해 마감은 좋네요 화질은 가격대비 좋은거 같구요  일단 제일 좋았던점은 마감과 강화유리는 아닐지 모르겠지만 전면부에 깔끔하게 마감이 된부분이 좋네요  빛반사도 없구요  전체적으로 만족합니다,2
5,2020.03.12,쿠팡(주),"가성비 굳굳굳 집에서 재택하게되면서 구입했는데 배송은 뭐 두말하면 입아프고 가성비 정말좋습니다. 디자인도 너무 깔끔하구요, 추천이요~!! (제 노트북은 Hdmi 꽂는게 없어서 RGB케이블 별도구매했습니다)",2
3,2021.09.08,쿠팡(주),색감이 조금 불편 색감이 처음엔 조금 불편 했는데 보다 보니 괜찮습니다 소리도 저는 나쁘지 않았어요 화면 모서리 부분이 확실히 깔끔 하게 나오 지 않네요  저렴한 가격에 저는 만족하고 있어요  깔끔하게 이뻐요 받침대도 튼튼 하고!!!,0
5,2019.11.16,한솔시스템,디자인도 마음에 들고 화질도 좋아요 실물이쁩니다^^,0
5,2019.07.19,한솔시스템,세련된외관 디자인 성능 모두 좋습니다 가격생각하면 망설일 이유 없다 보여지고요 다만 왼쪽끝 면처리된 마감 테잎이 끝부분이 살짝 들떠서 자주 눌러 붙여줘야되는점만 약간 아쉽습니다~~,2
4,2020.10.04,쿠팡(주),싸고 좋음! 2번째 구입! 며칠전 구입사용해보고 하나더 구입! 한달 가까이 써보니 모든게 정상동작! 그동안 모니터 하나로 어떻게 써왔는지...2대를 쓰니 컴사용의 신경지를 개척한 기분! 앞으로 컴을 새로 마련하면 모니터는 무조건 2대 사용할 예정!,1
5,2020.06.11,한솔시스템,아주 마음에 들어요 배송은 주문한 다음날 도착했고 문제없이 잘 작동하네요  기존에 쓰던 모니터가 오래된 것이라 상대적으로 넓직하고 밝아서 마음에 듭니다 좋은 상품 많이 파시고 부자되세요,1
1,2021.03.07,쿠팡(주),이 회사제품은 이제 안쓸거 같습니다 사용 한달 만에 가로선이 이정도로 생기는 건 너무한거 아닙니까? 수리를 하고 싶어도 서비스센터 번호를 찾을 수도 없네요. 이제 다신 쓰고 싶지 않습니다.,0
4,2020.07.03,쿠팡(주),화면은 크고 좋으나 소리는 별로!높이조절은 안됨! 화면이 크고 좋아요!높이 조절이 안되는것과 음질이 정말로 안좋은고 빼면 그래도 가성비 대비 만족스럽습니당! 듀얼로 사용하기 좋습니다!,1
5,2020.07.31,쿠팡(주),"가격에비해 제품이 깔끔하고 성능이 좋습니다. 24인치지만 베젤리스라 화면이 더 꽉차보이고 서브모니터로 쓰기에 가장 좋은 제품인것같습니다. HDMI케이블, 전원선 모두 들어있어서 다른선을 구매할 필요는 없었습니다.",3
3,2020.08.10,쿠팡(주),빠른 배송이었습니다. 그러나 노트북하고 연결해서 쓰는데 화면 색깔이 노트북보다 많이 연하게 나옵니다. 색 조절을 했는데도 뭔가 흐리게 나오는 느낌이 드네요,1
3,2021.03.11,한솔시스템,마감처리가 너무 심각하게 안되어있네요...  그리고 모니터가 왼쪽으로 쏠렸어요ㅡㅡ  연결해서 켜보니 해상도는 선명하고 좋은거같은데  딱 가격만큼 인것 같네요 ~,0
5,2020.07.05,쿠팡(주),"메이커를 따지지 않는다면, 가성비 갑 서브 모니터로 샀는데 가격대비 내장 스피커도 나름 짱짱하고 화면도 선명하니 좋습니다 만족스러워요 제품 추천합니다 !",3
4,2020.06.03,쿠팡(주),지금 테스트중인데 오디오 단자가 작동을 안하네요??? 구글 크롬캐스터 Hdmi 연결해서 사용중인데 집에 있는 모든 스피커와 오디오 단자 들을 테스트 해봤는데 오디오 단자쪽으로 아우풋이 안되네요 ?? 왜그런거죠??,3
4,2020.02.01,한솔시스템,그냥저냥 괜찮아요..근데..선문제일까요..?컴퓨터 본체랑 연결했는데...화면이 나왔다 안나왔다하네요...ㅜㅜ 쫌 만 건들려도 안나오고..그래서 선만 따로 구매했습니다..그래도 안나오면..하아...어떻게 해야될지...ㅜ,4
5,2020.07.20,쿠팡(주),너무 만족스럽습니다 이 가격에 이런 모니터라니 요즘 비싼 모니터 살 필요 없다는 말이 무슨 말인지 이해가 가긴 하네요 물론 사무 및 간단한 작업 용도입니다 아무튼 디자인도 만족스럽고 너무 좋네요,1
5,2020.03.09,에버블럼,"극호 모니터, 선명감 굿 완전 극호. 화질 극강인데 이것보다 좋은걸 사면 도대체 얼마나 좋다는건지;;;;  서브모니터로 쓰기에 안성맞춤이고... 27인치 샀으면 방바닥에 둘뻔했슴.. 배송도 하루만에 옴!",1
5,2020.07.05,쿠팡(주),"메이커를 따지지 않는다면, 가성비 갑 서브 모니터로 샀는데 가격대비 내장 스피커도 나름 짱짱하고 화면도 선명하니 좋습니다 만족스러워요 제품 추천합니다 !",3
4,2020.06.03,쿠팡(주),지금 테스트중인데 오디오 단자가 작동을 안하네요??? 구글 크롬캐스터 Hdmi 연결해서 사용중인데 집에 있는 모든 스피커와 오디오 단자 들을 테스트 해봤는데 오디오 단자쪽으로 아우풋이 안되네요 ?? 왜그런거죠??,3
4,2020.02.01,한솔시스템,그냥저냥 괜찮아요..근데..선문제일까요..?컴퓨터 본체랑 연결했는데...화면이 나왔다 안나왔다하네요...ㅜㅜ 쫌 만 건들려도 안나오고..그래서 선만 따로 구매했습니다..그래도 안나오면..하아...어떻게 해야될지...ㅜ,4
5,2020.07.20,쿠팡(주),너무 만족스럽습니다 이 가격에 이런 모니터라니 요즘 비싼 모니터 살 필요 없다는 말이 무슨 말인지 이해가 가긴 하네요 물론 사무 및 간단한 작업 용도입니다 아무튼 디자인도 만족스럽고 너무 좋네요,1
5,2020.03.09,에버블럼,"극호 모니터, 선명감 굿 완전 극호. 화질 극강인데 이것보다 좋은걸 사면 도대체 얼마나 좋다는건지;;;;  서브모니터로 쓰기에 안성맞춤이고... 27인치 샀으면 방바닥에 둘뻔했슴.. 배송도 하루만에 옴!",1
5,2021.12.29,쿠팡(주),"벌써 2개째 구매입니다. 저렴한 가격에 퀄리티도 좋고, 디자인도 깔끔 그 자체입니다. 가정용으로 쓰긴 딱 좋아요.",1
5,2020.08.12,쿠팡(주),가성비최고 가격 저렴해서 걱정했는데 대만족입니다 노트북에 듀얼모니터 연결하는데 hdmi케이블도 오고 완전 만족해요,1
5,2020.12.30,쿠팡(주),저는 24인치 모니터는 얘가 최강이라고 생각합니다 전부터 써오다가 기기만 새로 바꿨는데 아주 좋아요 역시 믿고쓰는 한솔,1
5,2021.12.12,쿠팡(주),좋네요~ 화질 좋고 가볍고 가성비 좋아요 디자인도 맘에 들어요,0
5,2020.06.12,쿠팡(주),가성비 짱 가성비 정말 좋습니다. 이가격대 이정도 퀄리티라면 만족합니다. 다만 베젤에 회사명은 조금 구립니다. 차라리 후면에 넣고 전면을 아예 없거나 조금 신경씀 좋을 듯,2
5,2020.02.11,한솔시스템,노트북으로 작업하기 불편해서 본체산 김에 같이 샀는데 잘 쓰고 있어요ㅎㅎ모니터가 약간 앞쪽으로 기울어져있어 목아파가지고 선반하나 사서 올려뒀더니 해결됬고,4
5,2021.01.14,쿠팡(주),굿입니다 !! 추천해요 ^^ 모니터 고장나서 당일 아침에 주문하고 새벽 12-1시 사이쯤 받았습니다 ~ 배송도 빠르고 화면이 약간 흐릿한 감이 있지만 이 가격에 아주 만족 합니다 ~^^,2
5,2020.12.30,쿠팡(주),"음질 불만, 마감 불량 등 몇 개 리뷰로 조금 불안하긴 했지만 양품이 온 것 같아요 이 가격에 이 퀄리티라면 매우 만족 합니다 :)",0
5,2020.06.21,쿠팡(주),"듀얼모니터로 강추 받아서 샀습니다. 해상도 뚜렷하고, 블루라이트 눈 아프신 분들을 위해 누리끼리하게 바꿔주는 기능도 있더라구요 화면 선명하게 잘 쓰고 있습니다^^",1
5,2020.12.22,쿠팡(주),최고다 ㅎㅎ 듀얼모니터로 카톡 가져오면 살짝 흐릿해지는거 빼곤 다 완벽 화질도 나름괜찮은듯? ㅎㅎ 진짜좋다 튼튼하고><,0
5,2020.07.05,쿠팡(주),잘 산거 같습니다 유투버가 가성비 모니터로 추천해서 샀는데 정말 잘 산거 같아요! 저는 업무용으로 쓸 예정입니다. 아직 첫날인데 계속 별 문제 없음 좋겠네요,1
5,2021.01.24,쿠팡(주),"가성비 만족! 생각보다 사이즈가 크고 소리가 괜찮다고 느꼈습니다. 노트북이랑 비교해보면 색감 차이가 있지만, 가성비 좋습니다! 전체적으로 만족합니다!!",1
5,2021.08.15,쿠팡(주),좋습니다bb 처음 모니터 구매해봤는데 화질도 좋고 사운드도 괜찮아요 ㅎㅎㅎ 맘에 들어용 ㅎㅅㅎ!!,1
1,2022.02.08,주식회사 제이앤원,솔직히 싼 맛에 쓰는 제품이긴 하지만 화면 떨림이 너무 심하여 눈이 아플 정도이고 뒷면에 있는 스피커에서 나오는 소리도 좋게 들리지는 않네요. 제품의 이상이 있는 듯 하여 반품 후 재구매 했음에도 같은증상인것으로 보아 그냥 이런 제품인 것 같습니다.,1
5,2020.03.23,한솔시스템,대만족쓰 제가 지금까지 산 전자기기 중 아이패드 다음으로 만족스러운 구매입니다. 노트북에 연결해서 쓰니까 화면 큼직하고 화질 깔끔합니다!,4
5,2020.12.02,쿠팡(주),모니터 잘나오고 좋습니다 터치방식보다 버튼식을 좋아하는데 버튼식이라 좋네요 화면도 깨끗하게 잘나옵니다 처음에 판이 너무 얇아서 좀 놀램,0
1,2020.09.26,쿠팡(주),75라면서 막상 보면 60 케이블 2개만 줌 ㅡㅡ tv로 자막 보는데 픽셀 깨진건지 너무 화면이 흔들림 pc 전환 후 설정해봐도 그대로.  그냥 환불 신청,1
4,2020.02.27,한솔시스템,디자인 깔끔하고 베젤 얇고 잘쓰고있습니다 베젤 얇고 배송빠르고 사무실에서 잘쓰고 있습니다,1
5,2021.03.30,쿠팡(주),추천합니다 저번에 10만원짜리 모니터 쓰다가 고장나서 이걸로 갈아탔는데 3만원 더들이고 처음부터 이걸 쓸껄 그랬다는생각이 듭니다,1
5,2021.07.11,쿠팡(주),모니터가 오래되서 하나바꿔봣는데 가성비 대비 좋네용 ㅎ 베젤도 얇고 굿굿입니당,0
5,2020.08.18,한솔시스템,가성비 최고의 제품 반년 정도 사용 후기  지금까지 문제점과 하자없음  화면 깔끔하게 나오고  디자인도 심플하면서 이쁨  가성비 모니터로 최고임,3
5,2020.10.31,쿠팡(주),"빠른배송과함께 베젤이 앏아서 좋네요. 버튼이 터치식이 아니라 기계식이라 좀 아쉬운점, 이가격에 이정도 품질이면 가성비는 갑이 아닐까요~~~",1
1,2021.02.11,쿠팡(주),아니 목아지 나사가 부러졌는데 알아서 교환신청하라뇨 사자마자 목아지없어서 고개를못드는데 한손으로 모니터잡고쓰라는거에요?,1
4,2020.04.05,쿠팡(주),스피커도 내장 되어있어서 좋아요. 생각보다 가로로 긴느낌이지만 가격대비 좋아요!,1
4,2020.10.10,쿠팡(주),아직 써보진 않았는데 조립하고 설치는 낼 쯤 예정... 일단 무결점이라는게 맘에 듭니다. 자세한건 나중에 좀더 써본후에 결정내리겠습니다..,1
5,2020.05.08,한솔시스템,리뷰 참고하고 주문했는데 좋아요 아들이 두루두루 보고 주문한거라 믿고 사용~ 배송도 빠르고~ 잔고장없이 사용했으면 좋겠습니다 ~,3
5,2020.04.19,쿠팡(주),저렴한 가격 선명한 화질 화질 선명하고  가장자리 테두리가 없어 화면이 더 커보여요,1
4,2020.10.04,쿠팡(주),"가성비 좋습니다. 내장 스피커는 소리가 작아서 활용성은 없어 보입니다. 시야각은 좁지만, 그냥 가정용으로 쓰기에는 무리 없습니다.",1
5,2021.01.24,쿠팡(주),베젤이 얇아서 좋아요. 기존에 쓰던 모니터와 같은 사이즈 인데 작아보이네요 ㅜㅜ 더 큰 사이즈 살껄 아쉽습니다 그만큼 베젤이 얇아요,1
1,2020.03.12,쿠팡(주),구입하지 마세요 흰색 부분에서 색상이 번지거나 울어버리는 현상이 있네요  영상 보면서 거슬리네요  사지 않으시길 추천드립니다,0
5,2019.11.06,쿠팡(주),포장 굿~ 화면 깨끗하고 .. 제품 컴팩드하고.. 배송 빠르고.. 대기업제품 안 부럽구요..,0
5,2020.11.12,쿠팡(주),10만원 모니터중에서 제일 좋은거 같습니다 ㅎㅎ 정말 잘쓰고 있습니다,1
5,2020.08.05,쿠팡(주),가성비 미침 완전 빨리오고 흥집하나없네요! 엄청밝아서 밝기조절을 30정도까지 내릴정도로  선명하고 깨끗하네요,3
5,2020.04.28,쿠팡(주),업무용으로 보조모니터가 필요해서 샀어요! 후기가 좋아서 구매했는데 이 가격에 이정도면 진짜 좋네요!!! 잘 쓰겠습니다,1
4,2020.12.27,쿠팡(주),모니터 크기가 생각보다 더 작게 느껴져요 ~집에 같은 인치 모니터보더 프레임이 얇아서인지 뭔가 좀 다른느낌,0
4,2020.10.22,쿠팡(주),가성비 한성 커브드삿다가 마감불량으로 두번이나 반품해서 열받앗는데 저렴한 요거구매햇는데 기대이상,2
5,2019.07.31,한솔시스템,Good Viewsonic 과 비교하다 샀는데 가격대비 좋습니다. 스피커도 뉴스 정도는 들을만합니다,0
5,2021.01.01,쿠팡(주),"좋다 예전 꺼 쓰다, 새모니터 사용하니, 좀 뿌옇다는 느낌은 있는데, 화면도 크고, 눈에 피로도 덜하고, 안튼 좋음",3
4,2020.10.27,쿠팡(주),생각보다 화면이 선명하지 않지만 가격대비 만족합니다,1
5,2020.02.27,한솔시스템,가격이 싸서 걱정했는데 너무너무 좋아요 잘산듯! 강추합니당,0
4,2020.11.15,쿠팡(주),색감이 좀 푸른끼가 많네요 그외는 잘 됩니다 굳굳굳 색감이 좀 저랑 안맞는거 같아요 그외는 이상 없어요,1
5,2020.09.22,쿠팡(주),가격에 걸맞지 않은 고품격이네요 정말 잘 산 것 같아요,1
4,2021.01.10,쿠팡(주),"빠른배송, 제품의 품질양호 좋아요  하지만 나사 체결용 간이드라이버 같은거 있으면 더 좋을거같아요",1
5,2020.06.26,쿠팡(주),시중에서  만날수 없는 가격과 품질입니다  만족해요,1
4,2020.10.07,쿠팡(주),싼맛에 세컨트 모니터로 쓰기 적합 색이 약간 푸르딩딩한 느낌이 올라옴  화질이 눈에 띄게 좋지 않음,1
5,2021.04.10,쿠팡(주),화질 좋아요  그리고 내장 사운드도 듣기좋네요  모니터 사길 잘햇단 생각이 들어요 ♥  많이파세요,1
5,2021.09.04,쿠팡(주),가격대비 괜찮아요 HD 모니터도 함께 샀는데 차이점을 잘 모르겠습니다,0
5,2020.08.03,쿠팡(주),제품 마음에 들어서 하나 더 시키는데 하루만에 가격이 올라서 아쉽네요 그래도 시키긴할테지만,1
5,2020.07.10,한솔시스템,후기 처음 쓰는데 진짜 상품 괜찮네요 사실 반신반의하면서 샀는데 정말 가성비 최고입니다.,1
4,2019.10.03,쿠팡(주),WTF 모니터가 하나 필요해서 써봤는데 화면의 우유뿌려논거마냥 뿌옇고  스므스 하지 않음 ㅜ,0
5,2021.04.10,쿠팡(주),화질 좋아요  그리고 내장 사운드도 듣기좋네요  모니터 사길 잘햇단 생각이 들어요 ♥  많이파세요,1
5,2021.09.04,쿠팡(주),가격대비 괜찮아요 HD 모니터도 함께 샀는데 차이점을 잘 모르겠습니다,0
5,2020.08.03,쿠팡(주),제품 마음에 들어서 하나 더 시키는데 하루만에 가격이 올라서 아쉽네요 그래도 시키긴할테지만,1
5,2020.07.10,한솔시스템,후기 처음 쓰는데 진짜 상품 괜찮네요 사실 반신반의하면서 샀는데 정말 가성비 최고입니다.,1
4,2019.10.03,쿠팡(주),WTF 모니터가 하나 필요해서 써봤는데 화면의 우유뿌려논거마냥 뿌옇고  스므스 하지 않음 ㅜ,0
1,2020.07.20,쿠팡(주),불량품 보내는거인가요? 까만색들 모니터 나간것처렁 우측으로 잔상이 죽 그어지는데.,2
5,2020.03.24,한솔시스템,추천해요 생각보다 눈이 편안하고 슬림한 디자인 덕분에 책상이 깔끔해 보이네요,2
4,2020.12.31,쿠팡(주),"기대보다 좋아요. 다만 화질 조정할수 있는 자세한 설명이 없어서 , 그 부분이 이쉽네요",1
3,2019.11.28,쿠팡(주),TV인줄 알고 잘못구매 했다가.. 현재 모니터로 잘사용하고 있습니다... 무난합니다,3
5,2020.03.07,한솔시스템,인치를 잘못생각했네요  24인치면 적당할줄알았는데 크네요 ㅎㅎ 27인치로보임,0
5,2020.01.09,한솔시스템,가격이 저렴해서 좋구요 성능도 괜찮은것 같습니다 배송 빨라서 좋습니다,0
5,2019.11.18,한솔시스템,이건 사야해 이가격에 멀더 바랄까 만족만족 생각보다 밝아요 참고하세요,0
5,2020.03.18,쿠팡(주),스피커 별도로 구매필요가 없어 편리 모니터에 딱히 결점이 보이지 않음,1
5,2020.12.23,쿠팡(주),아따 잘 쓰고있습니다아 배송도 빠르고  아주 좋습니다  하 하 하  호 호 호,0
5,2020.10.25,쿠팡(주),제품 좋습니다. 매우 좋습니다. 구매하셔도 후회 안 하실듯 역시 쿠팡!!,1
3,2020.10.19,쿠팡(주),화면이 뿌옇게 보이는데  제 눈이 나쁜탓은 아니라고 믿고 싶습니다,1
5,2020.10.19,쿠팡(주),"아주 좋아요 결점 하나도 없었고, 가격대비 상당히 마음에 듭니다",1
5,2020.06.12,쿠팡(주),오래 쓴 모니터가 고장나서 평보고 사봤어요  너무 좋습니다,3
4,2019.11.25,쿠팡(주),"급하게 사용할일이 있어 로켓으로 받았는데,, 아주 만족합니다",0
5,2020.01.14,한솔시스템,좋아요~~가격대비  이만한 품질의 상품은 없을듯. 만족합니다,1
5,2020.01.19,쿠팡(주),화질자체는 그렇게 좋진 않으나 게이밍으로 쓰기엔 적합합니다,1
3,2021.03.22,쿠팡(주),화질이 좋다고했는데 흔들리는것처럼 눈이아프네요..,1
5,2020.09.21,쿠팡(주),최고^^ 화면도 넘좋구 밝고 좋아요.. 가성비도 아주좋습니다.,2
5,2020.05.05,한솔시스템,가성비 갑 화질 좋고 디자인 예쁘고 후회 1도 없슴다 ㅎㅎ,2
4,2021.02.25,쿠팡(주),화질은 그냥 그런데 일하는데 편하고 굿굿 가성비 갑,1
5,2019.12.04,한솔시스템,참좋습니다. 깨끗하고 선명하고 구매 추천하고 싶어요.,0
3,2020.04.19,쿠팡(주),나사 불량이에요 조치 바랍니다  헐거워서 조여지질 않아요,0
5,2020.02.29,한솔시스템,넘넘 좋으네요.. 하나 더사려했는데 가격이 올랐오요?,1
4,2019.05.29,한솔시스템,싼가격에 구매해서 good!! 27인치 가 있었음~~,1
5,2020.10.23,쿠팡(주),깔끔하고 메탈릭함이 고급스러움,1
5,2020.07.27,한솔시스템,정말 좋아요 ,0
3,2019.12.02,한솔시스템,평범합니다,0
5,2020.03.12,쿠팡(주),눈보호 되게 밝기도 잘 조절해서 왔네요. 좋아요,1
5,2020.07.12,쿠팡(주),저렴한 가격에 좋은 모니터를 ,0
4,2019.10.31,한솔시스템,가격대비 굿이에요,0
5,2020.12.10,쿠팡(주),마음에쏙 ,0
5,2020.10.19,쿠팡(주),가성비 좋아요. 베젤도 얇아서 깔끔해요.,2
5,2021.03.04,쿠팡(주),가성비 좋고 디자인 예뻐요,0
5,2020.12.11,쿠팡(주),가격에 비해 깔쌈함 ,0
5,2020.05.29,쿠팡(주),가성비 정말 좋습니다~^^ 가성비 정말 좋습니다~^^,1
5,2020.08.10,쿠팡(주),더 써봐야 알겠지만 가격 싸고 만족,1
5,2020.10.04,쿠팡(주),저렴하면서도 좋아요,1
5,2020.07.19,쿠팡(주),굿 좋아요 디자인이 생각보다 세련됨ㅎ,1
5,2021.01.16,쿠팡(주),모니터3개구매했는데 불량없이 잘돼네요,1
5,2020.07.24,쿠팡(주),가성비 좋아요,1
5,2020.10.12,쿠팡(주),선물했는데 넘 맘들어해줘 다행였으므ㅛ,1
1,2020.06.19,쿠팡(주),별로에요 ,0
5,2021.01.05,쿠팡(주),깔끔합니다.,1
5,2020.02.09,한솔시스템,좋네요,1
5,2020.05.10,한솔시스템,좋아요!,1
5,2020.08.19,쿠팡(주),귿귿귿가성비귿,0
5,2020.10.20,쿠팡(주),가성비 최고입니다~^^,1
5,2020.07.20,한솔시스템,모니터도 얊고 화질이 깨끗하게 잘나와서 너무 좋아요 ,0
5,2020.04.03,쿠팡(주),가성비 좋아요^^ ,0
5,2020.08.15,쿠팡(주),엄청 좋아요.,0
5,2020.08.19,쿠팡(주),귿귿귿가성비귿,0
5,2020.10.20,쿠팡(주),가성비 최고입니다~^^,1
5,2020.07.20,한솔시스템,모니터도 얊고 화질이 깨끗하게 잘나와서 너무 좋아요 ,0
5,2020.04.03,쿠팡(주),가성비 좋아요^^ ,0
5,2020.08.15,쿠팡(주),엄청 좋아요.,0
5,2020.08.05,쿠팡(주),좋아요. ,0
4,2020.08.02,쿠팡(주),따뜻하네요 괘않아요,1
5,2021.03.18,쿠팡(주),가격대비 좋아요 hdmi 선도 있어요,0
5,2019.11.18,한솔시스템,아좋습니다 깔끔하고 넓찍하네요,0
5,2021.05.26,쿠팡(주),이거 대박임 중소기업이라 불안했는데 아주 좋아요,1
5,2021.02.15,쿠팡(주),해상도가 좋아요 사용하기 편리해용 저렴해서 좋아요,1
5,2020.10.14,쿠팡(주),좋습니다! ,0
5,2019.11.21,한솔시스템,굳,0
4,2020.06.02,쿠팡(주),전체적으로 맘애듭니다,1
5,2020.07.18,쿠팡(주),가성비 좋아요 무게도 가볍고 화질도 좋네요 만족합니다,1
5,2021.01.20,쿠팡(주),가성비 모니터 찾으시면 진짜 딱입니다,1
4,2020.01.16,쿠팡(주),내껀 무결점으로 왔음 스피커 소리 별로임 그외 다 좋음 ,0
5,2020.09.10,쿠팡(주),고급스럽고 가격에 비해 좋아요 ,0
5,2021.01.08,쿠팡(주),가격대비 강추합니다 아주 좋아요,1
5,2020.06.10,쿠팡(주),생각보다 만족,2
5,2019.11.24,한솔시스템,가성비 최고입니다...  아들이 잘 쓰고 있어요,0
5,2020.10.15,쿠팡(주),너무 맘에들어요~~,1
5,2020.12.14,쿠팡(주),"성능도 디자인도 좋습니다. 다만, 스피커 케이블이 없는 게 헛점",1
5,2021.09.08,쿠팡(주),Hdmi 선 연결하니까 더선명하구 굿굿 ,0
5,2021.05.22,쿠팡(주),두 달 썼는데 괜찮다. 듀얼모니터 쓰려고 구매했어요 잘나오네요.,0
3,2020.06.05,한솔시스템,일단 가성비 최고  외관 깔끔함,0
5,2020.04.03,한솔시스템,너무좋아요,0
5,2020.11.19,쿠팡(주),제품이 가격에 비해서 성능이 괜찮습니다,0
5,2020.12.16,쿠팡(주),깨끗하게 아주잘나옵니당~^^ ,0
5,2022.01.10,쿠팡(주),좋아요 편해요   잘산것같다요 ㅎㅎ,0
5,2020.10.11,쿠팡(주),가격에비해 품질이 좋은것같아요.,1
4,2020.11.12,한솔시스템,아주아주 좋아요,0
2,2020.09.07,쿠팡(주),한달만에 모니터색상이 변하더니 계속 그러네요.ㅠ.ㅠ ,0
5,2020.06.13,쿠팡(주),완전 좋아요 감사합니다.완전 좋네요,2
5,2022.06.23,쿠팡(주),아주 좋아요 ,0
5,2020.01.12,한솔시스템,가성비 굿입니다,1
5,2021.06.03,쿠팡(주),빨리옴 잘쓰고있음 ,0
4,2020.01.08,한솔시스템,가격 대비 갠찮아요,1
5,2020.07.26,쿠팡(주),몇일째 특이사항 없이 잘 쓰고 있네요 :),1
5,2021.12.30,쿠팡(주),화질이 좋네요!,0
5,2019.10.09,한솔시스템,조아요 ~~~ 깔끔하고 스마트한 디자인굿~~~,0
5,2022.05.19,쿠팡(주),깔끔히 잘 나온다,0
1,2020.04.22,한솔시스템,화질이 좋지않음 색상 조절도 어려움 재구매는 않함 ,0
5,2019.08.28,쿠팡(주),룸메가 좋아해요,0
5,2020.12.11,쿠팡(주),깔끔하고 화질도 선명해서 가성비 쵝오 입니다,1
5,2021.01.20,쿠팡(주),가성비 갑 가격 대비 품질 굿,1
5,2021.12.01,쿠팡(주),생각보단좋아요 업무용으로는적당 합니다,0
5,2020.04.05,한솔시스템,좋습니다 가성비도 짱,10
5,2020.10.30,쿠팡(주),너무 좋아요 화질도 깔끔하고 배젤도 얇아요.,1
5,2021.02.16,한솔시스템,가격대비 좋습니다~,1
5,2021.09.03,쿠팡(주),좋네요 ㅎㅎ ,0
5,2021.03.13,쿠팡(주),가성비/품질 좋아요^^,1
5,2021.03.14,쿠팡(주),가성비 좋은 제품입니다 두번째 구입했네요,0
4,2020.03.06,한솔시스템,좋네요.....,2
5,2020.04.15,쿠팡(주),이뻐요 ,0
5,2021.09.03,쿠팡(주),좋네요 ㅎㅎ ,0
5,2021.03.13,쿠팡(주),가성비/품질 좋아요^^,1
5,2021.03.14,쿠팡(주),가성비 좋은 제품입니다 두번째 구입했네요,0
4,2020.03.06,한솔시스템,좋네요.....,2
5,2020.04.15,쿠팡(주),이뻐요 ,0
5,2021.01.23,쿠팡(주),가성비 굿 입니다. ,0
5,2019.07.27,한솔시스템,보시면 아시다시피 개좋습니다 꼭사세요 ㅎㅎ,1
4,2021.02.28,쿠팡(주),가성비좋아요 ,0
5,2020.09.09,쿠팡(주),깔끔하고 딱 제가 찾던 물건입니다,0
5,2020.10.30,쿠팡(주),가성비짱,1
5,2021.01.06,에버블럼,듀얼모니터로 간편하게 사용중인데 괜찮네요,1
5,2021.01.22,쿠팡(주),화질 조정 했을때 더욱 선명하고 실물 퀄리티 최곱니다 ,0
4,2021.01.21,쿠팡(주),싸게쓰는 싼모니터,1
5,2020.02.07,한솔시스템,가격대비 정말좋아요 ,0
5,2021.11.08,쿠팡(주),생각보다 좋아요!!편안 ,0
4,2020.06.25,쿠팡(주),가성비 매우 훌륭함 ,0
5,2021.03.29,쿠팡(주),"초경량,디자인 굿. ",0
5,2020.02.16,쿠팡(주),화면 깔끔하고 좋네요,1
5,2020.04.17,한솔시스템,기대 이상,1
5,2020.10.28,쿠팡(주),화질굿!! 가격대비 가성비 좋습니다. 화질굿!! 가격대비 가성비 좋습니다.,1
5,2021.02.04,쿠팡(주),좋아요 ,0
5,2021.12.11,쿠팡(주),좋아요 가성비!,0
4,2019.12.25,한솔시스템,품질이  생각보다  좋습니다,1
4,2021.02.28,쿠팡(주),이거 가격에 비해 만족도 높음,1
5,2021.01.23,쿠팡(주),깔끔,1
5,2020.09.21,쿠팡(주),가성비 좋은거 같아요~ 잘쓰고있습니다!,1
4,2019.10.07,쿠팡(주),음질은 아쉬운면이 있으나 가격보면 용서됩니다 ,0
4,2021.10.25,쿠팡(주),저렴해서 색감은 딸리지만 그래도 만족하며 쓰고있어요 마음에듭니다,0
4,2021.02.16,쿠팡(주),나쁘지 않고 잘 쓰고있습니다1,1
3,2020.04.07,쿠팡(주),실리콘이 양쪽에없고 중앙에만있어요 원터치 나사도 없어요 ,0
3,2020.10.25,쿠팡(주),크기가 딱 무난합니다 생각보다 작네요,1
5,2021.02.26,한솔시스템,네  모양도  좋고 깨끗히 잘 작동합니다  잘쓰겠습니다 ,0
5,2021.01.30,쿠팡(주),가성비짱~ ,0
5,2020.07.28,쿠팡(주),가성비 좋음 가볍고 가성비 만족합니다,1
5,2020.11.01,쿠팡(주),가성비 짱! ,0
4,2019.12.10,한솔시스템,10만원 짜리 모니터에 이보다 좋을수는 없지,0
5,2020.04.05,쿠팡(주),가성비굿굿,1
4,2020.09.16,한솔시스템,좋아요 ,0
5,2020.07.02,한솔시스템,화질너무좋아요 개꿀,1
5,2020.03.25,쿠팡(주),너무 마음에들어요 ㅠㅠㅜㅜ최고에요!!,1
5,2022.01.03,주식회사 제이앤원,빠른배송.받은제품불량후... 모니터받고 설치후깨끗함에 흡족하려는순간 불량현상이 나타났어요.설명서 고객센타번호로 전화를하니 여러차레 통화불가! 불신! 여기서부터 반전입니다 일단 쿠팡구매싸이트에 불량접수하고 쿠팡고객쎈타 접수했어요.너무도친절하게 대리로 전화접수해주시고 당일바로 택배하시는분이 수거해가셨어요 물론 불량접수한 구매싸이트에서도 친절한 답변이 신속히왔어요 여기 싸이트 믿고구매하셔도 될거같아요 물론휴일관계로 아직 교환제품은못받았고 잠시경험했지만 가성비짱인거같아요 무엇보다 빠른대처가 너무좋아요 물건이니 불량도 있을수는 있다고봅니다 잠시봤던화질이만 너무기대됩니다 별점이 10개있다면 다드리고싶어요 (신속대응)^^ 대박나세요,0
3,2020.04.18,쿠팡(주),두 개 주문했는데 하나가 박스 훼손된 상태로 배송이 됐어요. 그래도 상품에는 문제 없으면 쓰려했는데 모니터 받침에 고무가 한 쪽이 없어 고정력이 떨어지고 모니터가 움직여 교환 요청했습니다. 부품이 없다는 것 자체가 누가 사용한 게 아닌가 싶은...,1
1,2021.10.20,쿠팡(주),장난하는건가 ㅋ 파손되서 왔길래 교환 원한다고 고객센터에 연락했더니 고객센터 직원께서 다음날 오후 3시까지는 꼭 연락준다고 하셨는데 밤10시 넘을때 까지 깜깜무소식이네요^^ 이렇게 댓글을 써야 봐주시는건가..?^^ 기분이 상당히 안 좋네요ㅎ 빠른 답변과 연락부탁드려요^^,0
5,2020.07.14,쿠팡(주),"전자제품이라 안전하게 배송되는지가 항상 걱정이지만...파손없이 잘 배송되었네요. 학생 온라인 수업용으로 사용하던 모니터가 고장나서 로켓배송으로 주문했어요. 역시 빨라요... 가격이 저렴한데 성능이 나쁘지 않아요. 온라인 수업 정도의 사용용도라서 굳이 고가의 모니터가 필요 않은데, 설치하고 보아도 저렴해보이지 않고 좋네요. 이전 사용제품보다 살짝 밝게 보이는 경향이 있지만 불편하진 않아요.",1
2,2019.08.29,쿠팡(주),우측 상단 검은점 어떻게해도 안없어집니다 ㅡ ㅡ 무결점이라 해놓고 결점 있네요  포장 다시 다 해서 환불해야한다해서 귀찮아서 쓰렵니다  색은 약간 칙칙해요 어둡  근데 뭐 싼거라 그려려니하고 스피커도 가격대비 괜춘합니다  그래도!!!!!! 무결점이면 무결점으로 검수 똑바로 하세요 !돈도 더 받으면서 ! 아니면 돈을 다시 빼주던가요 !,15
4,2020.09.29,쿠팡(주),"진짜 총알배송! 아침에 주문했는데 저녁10시에 갖다놨네요! 추석이라 설치는 지나고 할 예정!  설치해보니... 정상동작함! 빠른응답속도,밝은화면,명료한 글자...좋은 제품을 구입해서 기분이 좋음! 오래가야 하는데...!  2~3일 써보니 한대 더 주문해야겠네요.",1
5,2019.07.08,쿠팡(주),"좋은 성능, 이를 뛰어넘는 초고속 안전배송 쿠팡의 배송은 정말이지 대단합니다 일요일 저녁 주문해서 월요일 저녁에 받았습니다  상품은 가성비 갑이네요 데드픽셀없고 베젤리스라 시원합니다 이 가격에 이 정도 성능이라니 아주 좋아요 강추  *로켓배송 진짜 좋네요 ㅎㄷㄷ",3
4,2022.02.09,쿠팡(주),070-5097-0989 전화번호  없는번호네요as전화번호 어떻게도나요??,0
1,2021.11.27,쿠팡(주),5일만에 혼자 고장무결점 맞는지 의심 가만히 있었는데. 이게 무결점이 맞나요?? 폴더정리하는데 혼자 파지직 하다가 모니터 나가고 주말이라 연락도 안되니까 엄청 열받네요 무결점 을 샀는데 하....,0
5,2021.11.15,쿠팡(주),가격대비 성능 최고네요. 포장도 빵빵하게되어있고 겁나빠른 익일 배송에 화질도 좋고 스피커도 내장되어있고 가성비 너무 좋은거같아요,0
1,2021.08.08,쿠팡(주),처음에꺼 나사가 헛돌아서 교체했는데 지금도 또 헛돌고있네요ㅡㅡ 나사를 다시주던지 아님 반품 처리좀해주세여,0
5,2020.02.11,쿠팡(주),배송 빨라요~ 역시 믿고보는 쿠팡..배송 빨라요!!오늘 주문해서 오늘 오니깐 기분 너무 좋네요 모니터도 가성비 갑입니다!,1
5,2019.11.07,한솔시스템,"화질 배송 포장 굳~~ 배송,포장 모두 만족 화질 굳 다만 티비보려고 산건데 디비기능 없는 모니터라서 리모콘 기능 없음",0
5,2020.05.03,쿠팡(주),배송 빨라서 좋았어요! 무결점 제품인데 좌측 상단에 점 하나 있긴 하네요 ㅜㅜ 한보이는 곳이라 그냥 씁니다,1
4,2020.07.14,에버블럼,구매해서 도착했더니 밑부분이 안들어와서 교환신청했더니  잘 바꿔 주셨습니다. 크기 정당하고 무난합니다. 교환 감사드립니다.,1
1,2021.08.08,쿠팡(주),처음에꺼 나사가 헛돌아서 교체했는데 지금도 또 헛돌고있네요ㅡㅡ 나사를 다시주던지 아님 반품 처리좀해주세여,0
5,2020.02.11,쿠팡(주),배송 빨라요~ 역시 믿고보는 쿠팡..배송 빨라요!!오늘 주문해서 오늘 오니깐 기분 너무 좋네요 모니터도 가성비 갑입니다!,1
5,2019.11.07,한솔시스템,"화질 배송 포장 굳~~ 배송,포장 모두 만족 화질 굳 다만 티비보려고 산건데 디비기능 없는 모니터라서 리모콘 기능 없음",0
5,2020.05.03,쿠팡(주),배송 빨라서 좋았어요! 무결점 제품인데 좌측 상단에 점 하나 있긴 하네요 ㅜㅜ 한보이는 곳이라 그냥 씁니다,1
4,2020.07.14,에버블럼,구매해서 도착했더니 밑부분이 안들어와서 교환신청했더니  잘 바꿔 주셨습니다. 크기 정당하고 무난합니다. 교환 감사드립니다.,1
5,2021.01.14,쿠팡(주),"잘삿다! 배송도 빨리오고, 제품도 너무 만족스럽습니다. 사무실에서 듀얼 모니터로 사려고 구매했는데 잘 산거같습니다",1
5,2020.09.27,한솔시스템,빠른 배송 및 화면 마음에 듭니다. 그렇게 큰게 필요하지도 않고 고성능이 필요한 것도 아니라서  가성비 마음에 듭니다.,1
1,2020.10.09,쿠팡(주),황당합니다. 모니터 전원이 안 들어옵니다. 파워연결후 어뎁타 전원확인 됐고요. 메인컴퓨터 이상 없고요,1
5,2020.07.12,쿠팡(주),불량화소 없이 깨끗합니다. 좋은 상품 감사합니다. 마침...세일이라 92000원에 구입했습니다.,1
3,2020.06.30,한솔시스템,모니터 상태는좋은데 내장 스피커 소리가 안 나옴 as문의해도 전화연결도 안됨,2
5,2019.12.09,한솔시스템,급해서 샀는데 배송도 빠르고 하자없이 넘나리 좋은것. 잘 쓰고 있습니당,0
4,2021.03.22,쿠팡(주),두번째 구매했는데 부드럽고 배송빠르고 맘에들어요,1
3,2020.10.15,쿠팡(주),"품질은 보통, 배송은 아주 빠른 로켓배송 감사합니다.",1
5,2020.02.12,쿠팡(주),빠른 배송 좋은 상품 빠른 배송에 좋은 상품 감사합니다,1
1,2020.10.02,쿠팡(주),도착했다는 문자보고 나가봤더니 옆집앞에 두고갔네요 ,0
3,2020.06.10,쿠팡(주),오자마자 봉변 ? 택배기사 생각이 있는거야 없는거야?? ,0
5,2020.07.08,한솔시스템,물건 잘받았습니다 빠른배송 감사합니다,1
5,2019.09.01,쿠팡(주),밤에 주문했는데 다음날 정오 도착. 포장도 만족,0
5,2021.04.15,쿠팡(주),배송 정말 빠르고 상품도 만족합니다 배송 빠르고 상품 좋고... 잘 사용하겠습니다,1
5,2021.03.11,쿠팡(주),아직 설치전입니다 빠른배송 좋아용 ,0
5,2020.09.06,쿠팡(주),넘 좋아요 ,0
4,2019.10.30,한솔시스템,"빠른 배송, 가격대비 성능이 나쁘지가 않음 ",0
5,2020.11.27,쿠팡(주),배송도 빠르고 제품도 좋아요,1
5,2021.05.23,쿠팡(주),물건이 좋아요 ,0
5,2021.02.27,한솔시스템,상품이 깔끔하고 화질도 좋고 배송도 빨라서 좋았습니다 ,0
5,2021.01.18,쿠팡(주),빠른배송에 감사합니다. 제품도 맘에 듭니다.,0
4,2020.07.31,한솔시스템,받침대가 찌그러져 있네요 모니터는 이상없어서 그냥써요 ,0
1,2020.10.14,쿠팡(주),별뤼 ,0
5,2020.12.25,한솔시스템,와우 배송대박 품질상태 좋음 ,0
4,2020.07.06,쿠팡(주),자ㄹ받앗어요 감사합니다,0
5,2020.04.17,한솔시스템,감사합니다.,1
2,2020.08.28,한솔시스템,불량인가 ,0
4,2019.07.26,한솔시스템,배송은3일늦게옴다른건다좋아요가성비굿싸게잘샀어요 ,0
2,2019.11.29,한솔시스템,상태는좋은거같은데 나사가 없늠. 원터치 나사 안옴ㅋ,0
5,2019.10.20,한솔시스템,상품은 굿 아주 만족. 배송은 쉣,0
4,2020.11.05,쿠팡(주),깔끔하고 잘되네요~,0
1,2019.07.14,한솔시스템,화질최악 화질 최악,3
5,2020.02.05,한솔시스템,배송 진짜빠르고 가격도 모니터도 너무좋아요,0
5,2020.06.06,쿠팡(주),제품 정말 얇고 좋아요. .로켓배송인데 저녁 늦게 7시 ,0
5,2021.03.24,쿠팡(주),디자인 이쁘고 빠른 배송에 품질 정말 좋아요,0
4,2021.03.22,쿠팡(주),부드럽고 배송빠르고 가격대비 좋아요~,0
5,2020.10.18,쿠팡(주),싼가격에 빠른배송!! 주문하고 다음날 바로 와서설치 다음날 바로배송! 너무 좋아요,1
5,2020.02.29,한솔시스템,친절하십니다~ 항상 감사드립니다!,0
5,2021.02.27,쿠팡(주),총알 배송.사용 편리성 아주 우수합니다!,1
5,2020.10.21,쿠팡(주),Nice Perfect. Is the perfect size. Resolution is good. And it is cheap too. I recommend.,1
5,2020.10.14,쿠팡(주),물건배송도 빠르고 포장상태도 꼼꼼해서 좋아요~^^ 물건배송도 빠르고 포장상태도 꼼꼼해서 좋아요~^^물건배송도 빠르고 포장상태도 꼼꼼해서 좋아요~^^물건배송도 빠르고 포장상태도 꼼꼼해서 좋아요~^^물건배송도 빠르고 포장상태도 꼼꼼해서 좋아요~^^물건배송도 빠르고 포장상태도 꼼꼼해서 좋아요~^^물건배송도 빠르고 포장상태도 꼼꼼해서 좋아요~^^,0
5,2022.07.14,쿠팡(주),"설치방법, 사용감 너무 만족합니다 와이파이만 설정해줬더니 바로 출력 됐어요.. 갬덩ㅠㅠ 아이폰,아이패드,맥북,삼성폰은 진짜 너무 간편하게 프린트되었고 삼성 노트북은 캐논 홈페이지에서 드라이버 다운받아서 설치해줘야 프린트 사용이 가능했어요 핸드폰에서 바로 출력할때도 양면모드를 지정할 수 있는데 너무 좋네요ㅠㅠㅠ 조작도 쉽고 잉크 넣는방법도 간단하고 복사,스캔,출력 너무 만족스럽네요! 출력속도에 중점을 둔 모델이라 화질은 그냥 평범합니다 설정에서 고화질로 높일순 있다는데 뭐 특출날꺼 같진 않아요 팩스는 집 전화기 바로 옆에 둬야 선연결하고 사용 할 수 있는 것 같더라구요~ 지금 있는 전화기 옆에 둘 상황은 아니고 전화기 추가 구매(몇천원 안하더라구요)해서 연결하면 될 것 같은데 고민되네요 아무튼 만족스럽습니다 :D",0
5,2021.08.04,쿠팡(주),"일터에서 사용해요. 가정용 고사양 사용하다가(30만원대) 출력용지 많아서 다시 구입했어요.  한 번에 용지 왕창 넣을 수 있어서 좋고 인쇄속도 빠르고, 이전 프린터기보다 조용해요. 출장 수리 가능하대서 그것까지 확인하고구입했어요.  비싸지만 비싼값 하네요.",6
5,2022.01.03,쿠팡(주),"제품의 성능, 배송 만족합니다 ",0